{"cameraMode":{"drawMode":0,"name":"Shaded","section":"Shading Mode"},"sceneLighting":false,"audioPlay":false,"sceneViewState":{"m_AlwaysRefresh":false,"showFog":true,"showSkybox":false,"showFlares":true,"showImageEffects":true,"showParticleSystems":true,"showVisualEffectGraphs":true,"m_FxEnabled":true},"in2DMode":false,"pivot":{"x":-0.0027039023116230966,"y":0.01427223440259695,"z":0.004455464892089367},"rotation":{"x":-0.09701474756002426,"y":0.349540650844574,"z":-0.03641579672694206,"w":-0.931179404258728},"size":0.015053593553602696,"orthographic":false}