{"cameraMode":{"drawMode":0,"name":"Shaded","section":"Shading Mode"},"sceneLighting":false,"audioPlay":false,"sceneViewState":{"m_AlwaysRefresh":false,"showFog":true,"showSkybox":false,"showFlares":true,"showImageEffects":true,"showParticleSystems":true,"showVisualEffectGraphs":true,"m_FxEnabled":true},"in2DMode":false,"pivot":{"x":-0.05626183748245239,"y":0.016044598072767259,"z":0.15609994530677796},"rotation":{"x":-0.05666200444102287,"y":0.4440472722053528,"z":-0.02814665623009205,"w":-0.893783450126648},"size":0.8437312841415405,"orthographic":false}