{"cameraMode":{"drawMode":0,"name":"Shaded","section":"Shading Mode"},"sceneLighting":false,"audioPlay":false,"sceneViewState":{"m_AlwaysRefresh":false,"showFog":true,"showSkybox":false,"showFlares":true,"showImageEffects":true,"showParticleSystems":true,"showVisualEffectGraphs":true,"m_FxEnabled":true},"in2DMode":false,"pivot":{"x":0.010446600615978241,"y":0.0004603493434842676,"z":0.002654134761542082},"rotation":{"x":-0.11500077694654465,"y":0.5023833513259888,"z":-0.06762759387493134,"w":-0.8542972207069397},"size":0.005338539369404316,"orthographic":false}