{"cameraMode":{"drawMode":0,"name":"Shaded","section":"Shading Mode"},"sceneLighting":false,"audioPlay":false,"sceneViewState":{"m_AlwaysRefresh":false,"showFog":true,"showSkybox":false,"showFlares":true,"showImageEffects":true,"showParticleSystems":true,"showVisualEffectGraphs":true,"m_FxEnabled":true},"in2DMode":false,"pivot":{"x":-0.0296916663646698,"y":0.013311069458723069,"z":0.039555154740810397},"rotation":{"x":0.02567148581147194,"y":0.6603744626045227,"z":0.022577259689569474,"w":-0.7502312660217285},"size":0.24352924525737763,"orthographic":false}