{"cameraMode":{"drawMode":0,"name":"Shaded","section":"Shading Mode"},"sceneLighting":true,"audioPlay":false,"sceneViewState":{"m_AlwaysRefresh":false,"showFog":true,"showSkybox":true,"showFlares":true,"showImageEffects":true,"showParticleSystems":true,"showVisualEffectGraphs":true,"m_FxEnabled":true},"in2DMode":false,"pivot":{"x":0.4771835207939148,"y":0.20955127477645875,"z":2.997387170791626},"rotation":{"x":-0.1497151106595993,"y":-0.020170291885733606,"z":0.003056054236367345,"w":-0.9885355234146118},"size":1.5022549629211426,"orthographic":false}